SampleName	Fish	Potato
Aqm_1_02_23	1	1
Aqm_1_02_28	1	2
Aqm_1_03_06	1	3
Aqm_1_03_13	1	3
Aqm_1_03_20	1	3
Aqm_1_03_27	1	1
Aqm_1_05_01	1	1
Aqm_1_06_05	1	2
Aqm_1_07_18	1	2
Aqm_1_08_13	1	1
Aqm_1_09_11	1	1
Aqm_1_10_10	1	1
Aqm_10_02_23	12	2
Aqm_10_02_28	12	2
Aqm_10_03_06	12	2
Aqm_10_03_13	12	3
Aqm_10_03_20	12	3
Aqm_10_03_27	12	1
Aqm_10_05_01	12	1
Aqm_10_06_05	12	2
Aqm_10_07_18	12	3
Aqm_10_08_13	12	1
Aqm_10_09_11	12	3
Aqm_10_10_10	12	2
